2013-01-01T00:15:00.000Z,17.783333333333335
2013-01-01T00:30:00.000Z,6.575377271681621
2013-01-01T00:45:00.000Z,4.496372029796689
2013-01-01T01:00:00.000Z,4.044000606409035
2013-01-01T01:15:00.000Z,4.49081541218638
2013-01-01T01:30:00.000Z,6.707054093567254
2013-01-01T01:45:00.000Z,5.436952734400101
2013-01-01T02:00:00.000Z,5.450810803823704
2013-01-01T02:15:00.000Z,4.4239123322734955
2013-01-01T02:30:00.000Z,4.895354267240231
2013-01-01T02:45:00.000Z,4.829392201411525
2013-01-01T03:00:00.000Z,4.7270049429677945
2013-01-01T03:15:00.000Z,6.063943792480981
2013-01-01T03:30:00.000Z,5.088561840809045
2013-01-01T03:45:00.000Z,5.972641258511713
2013-01-01T04:00:00.000Z,6.163274978634808
2013-01-01T04:15:00.000Z,5.776136642496935
2013-01-01T04:30:00.000Z,7.015254094136773
2013-01-01T04:45:00.000Z,7.121488683420639
2013-01-01T05:00:00.000Z,6.274418633731133
2013-01-01T05:15:00.000Z,6.439655224871054
2013-01-01T05:30:00.000Z,7.071130768364812
2013-01-01T05:45:00.000Z,7.854535932721713
2013-01-01T06:00:00.000Z,6.904411764705881
2013-01-01T06:15:00.000Z,7.982319856244385
2013-01-01T06:30:00.000Z,6.929600122100123
2013-01-01T06:45:00.000Z,8.001199887069452
2013-01-01T07:00:00.000Z,7.499942680776015
2013-01-01T07:15:00.000Z,6.809541892706449
2013-01-01T07:30:00.000Z,6.978268800416342
2013-01-01T07:45:00.000Z,6.341704174820613
2013-01-01T08:00:00.000Z,9.267882129774987
2013-01-01T08:15:00.000Z,8.566904761904762
2013-01-01T08:30:00.000Z,6.264788450543167
2013-01-01T08:45:00.000Z,7.0043984220907305
2013-01-01T09:00:00.000Z,6.105659722222221
2013-01-01T09:15:00.000Z,8.389644160907318
2013-01-01T09:30:00.000Z,5.866319897011201
2013-01-01T09:45:00.000Z,5.025762524611454
2013-01-01T10:00:00.000Z,4.779232615355061
2013-01-01T10:15:00.000Z,5.8785605586825085
2013-01-01T10:30:00.000Z,5.2910536263253665
2013-01-01T10:45:00.000Z,5.828317207535696
2013-01-01T11:00:00.000Z,5.685835458658988
2013-01-01T11:15:00.000Z,4.624735962821901
2013-01-01T11:30:00.000Z,4.9767768363116245
2013-01-01T11:45:00.000Z,6.347981355167605
2013-01-01T12:00:00.000Z,4.742398880098285
2013-01-01T12:15:00.000Z,4.829872557997559
2013-01-01T12:30:00.000Z,5.637163647180735
2013-01-01T12:45:00.000Z,4.992313222663495
2013-01-01T13:00:00.000Z,5.176999069151098
2013-01-01T13:15:00.000Z,7.989074604394648
2013-01-01T13:30:00.000Z,4.6829316910798395
2013-01-01T13:45:00.000Z,6.7361264323072625
2013-01-01T14:00:00.000Z,3.5941132958935893
2013-01-01T14:15:00.000Z,7.08266186417749
2013-01-01T14:30:00.000Z,5.174542172282791
2013-01-01T14:45:00.000Z,5.510977156013921
2013-01-01T15:00:00.000Z,5.393389992360581
2013-01-01T15:15:00.000Z,5.4143492842253576
2013-01-01T15:30:00.000Z,5.467502603940959
2013-01-01T15:45:00.000Z,5.538074452321441
2013-01-01T16:00:00.000Z,5.0334788713569765
2013-01-01T16:15:00.000Z,4.424727972286113
2013-01-01T16:30:00.000Z,5.202561804763565
2013-01-01T16:45:00.000Z,4.572951989961106
2013-01-01T17:00:00.000Z,5.047583111402454
2013-01-01T17:15:00.000Z,4.734109394723818
2013-01-01T17:30:00.000Z,6.4030730514465475
2013-01-01T17:45:00.000Z,7.485037446215665
2013-01-01T18:00:00.000Z,4.052285274157402
2013-01-01T18:15:00.000Z,3.788564420584968
2013-01-01T18:30:00.000Z,4.673226199837889
2013-01-01T18:45:00.000Z,4.66136337170793
2013-01-01T19:00:00.000Z,5.384956278634096
2013-01-01T19:15:00.000Z,4.825413548447022
2013-01-01T19:30:00.000Z,4.601484843852345
2013-01-01T19:45:00.000Z,4.42134710550887
2013-01-01T20:00:00.000Z,3.5562721896159406
2013-01-01T20:15:00.000Z,4.555764425343633
2013-01-01T20:30:00.000Z,4.710792140464273
2013-01-01T20:45:00.000Z,5.636518361862398
2013-01-01T21:00:00.000Z,3.847700296417877
2013-01-01T21:15:00.000Z,5.313201782641036
2013-01-01T21:30:00.000Z,4.465228979503173
2013-01-01T21:45:00.000Z,3.7237664456902895
2013-01-01T22:00:00.000Z,4.515261137032305
2013-01-01T22:15:00.000Z,5.430106619934602
2013-01-01T22:30:00.000Z,4.516252825345746
2013-01-01T22:45:00.000Z,4.876492885219356
2013-01-01T23:00:00.000Z,4.544372178385849
2013-01-01T23:15:00.000Z,5.776837522045855
2013-01-01T23:30:00.000Z,4.52980295118593
2013-01-01T23:45:00.000Z,5.034240981240981
2013-01-02T00:00:00.000Z,4.666181746031749
2013-01-02T00:15:00.000Z,6.117114682539684
2013-01-02T00:30:00.000Z,5.709281290799149
2013-01-02T00:45:00.000Z,5.753274711399711
2013-01-02T01:00:00.000Z,4.811461929124265
2013-01-02T01:15:00.000Z,5.605411764705882
2013-01-02T01:30:00.000Z,5.2268128654970765
2013-01-02T01:45:00.000Z,7.2596726190476195
2013-01-02T02:00:00.000Z,6.113439716312057
2013-01-02T02:15:00.000Z,6.151180555555555
2013-01-02T02:30:00.000Z,6.708481481481481
2013-01-02T02:45:00.000Z,10.230030864197532
2013-01-02T03:00:00.000Z,8.617105263157894
2013-01-02T03:15:00.000Z,5.355666666666666
2013-01-02T03:30:00.000Z,7.17391304347826
2013-01-02T03:45:00.000Z,5.387745098039216
2013-01-02T04:00:00.000Z,9.675
2013-01-02T04:15:00.000Z,8.089130434782609
2013-01-02T04:30:00.000Z,15.451992753623188
2013-01-02T04:45:00.000Z,11.141666666666666
2013-01-02T05:00:00.000Z,8.897619047619047
2013-01-02T05:15:00.000Z,7.422192513368985
2013-01-02T05:30:00.000Z,13.472417582417583
2013-01-02T05:45:00.000Z,7.439351190476191
2013-01-02T06:00:00.000Z,11.876878306878305
2013-01-02T06:15:00.000Z,3.998018380429095
2013-01-02T06:30:00.000Z,5.883938792465859
2013-01-02T06:45:00.000Z,3.8755445975076777
2013-01-02T07:00:00.000Z,5.581956093358652
2013-01-02T07:15:00.000Z,3.5006004571959166
2013-01-02T07:30:00.000Z,3.2901985694030165
2013-01-02T07:45:00.000Z,4.437913488336118
2013-01-02T08:00:00.000Z,3.7596619247972747
2013-01-02T08:15:00.000Z,4.515029671137092
2013-01-02T08:30:00.000Z,3.6911830520798676
2013-01-02T08:45:00.000Z,3.9559545787150925
2013-01-02T09:00:00.000Z,3.9087239511664076
2013-01-02T09:15:00.000Z,3.5507774090313293
2013-01-02T09:30:00.000Z,3.3552551535448027
2013-01-02T09:45:00.000Z,3.5468494891358846
2013-01-02T10:00:00.000Z,3.342613632506084
2013-01-02T10:15:00.000Z,6.0192350945819575
2013-01-02T10:30:00.000Z,4.182354746908615
2013-01-02T10:45:00.000Z,3.4481616368381074
2013-01-02T11:00:00.000Z,4.118756062576885
2013-01-02T11:15:00.000Z,6.492618377880606
2013-01-02T11:30:00.000Z,4.578722205345012
2013-01-02T11:45:00.000Z,4.663405102305102
2013-01-02T12:00:00.000Z,4.166538499468066
2013-01-02T12:15:00.000Z,3.6788065381256176
2013-01-02T12:30:00.000Z,3.800711994354852
2013-01-02T12:45:00.000Z,3.982281338984654
2013-01-02T13:00:00.000Z,4.100728034138334
2013-01-02T13:15:00.000Z,4.311654001834652
2013-01-02T13:30:00.000Z,4.1038106338106335
2013-01-02T13:45:00.000Z,3.893500285565794
2013-01-02T14:00:00.000Z,6.645501475968438
2013-01-02T14:15:00.000Z,4.231982533075799
2013-01-02T14:30:00.000Z,3.3966862026862037
2013-01-02T14:45:00.000Z,4.4974214256063565
2013-01-02T15:00:00.000Z,4.803470657054417
2013-01-02T15:15:00.000Z,4.783477757227757
2013-01-02T15:30:00.000Z,3.938203725443743
2013-01-02T15:45:00.000Z,4.0143017199913755
2013-01-02T16:00:00.000Z,4.669644527371675
2013-01-02T16:15:00.000Z,3.6249979713097367
2013-01-02T16:30:00.000Z,4.359077954039828
2013-01-02T16:45:00.000Z,3.7095581219192315
2013-01-02T17:00:00.000Z,3.6785373725890964
2013-01-02T17:15:00.000Z,3.468991948470209
2013-01-02T17:30:00.000Z,3.8923731764361826
2013-01-02T17:45:00.000Z,3.6294989438902476
2013-01-02T18:00:00.000Z,4.8670263875633255
2013-01-02T18:15:00.000Z,3.5115025863686586
2013-01-02T18:30:00.000Z,3.128192473498082
2013-01-02T18:45:00.000Z,3.124793158706785
2013-01-02T19:00:00.000Z,2.8279920790909356
2013-01-02T19:15:00.000Z,4.173748137533714
2013-01-02T19:30:00.000Z,3.145034674699482
2013-01-02T19:45:00.000Z,3.328201004483337
2013-01-02T20:00:00.000Z,4.131212810684693
2013-01-02T20:15:00.000Z,3.1025522395756355
2013-01-02T20:30:00.000Z,4.041855991807297
2013-01-02T20:45:00.000Z,4.898961931877432
2013-01-02T21:00:00.000Z,5.021876551552234
2013-01-02T21:15:00.000Z,5.0171741388622815
2013-01-02T21:30:00.000Z,5.147942146816807
2013-01-02T21:45:00.000Z,4.235266557080237
2013-01-02T22:00:00.000Z,5.641031155606983
2013-01-02T22:15:00.000Z,5.022226332020382
2013-01-02T22:30:00.000Z,3.6228544185548364
2013-01-02T22:45:00.000Z,4.151358099663869
2013-01-02T23:00:00.000Z,4.252780946826538
2013-01-02T23:15:00.000Z,5.159322346674476
2013-01-02T23:30:00.000Z,6.1661218708827406
2013-01-02T23:45:00.000Z,5.776063272476315
2013-01-03T00:00:00.000Z,4.902512373737375
2013-01-03T00:15:00.000Z,5.87877265436089
2013-01-03T00:30:00.000Z,4.997870807725179
2013-01-03T00:45:00.000Z,5.766954116638079
2013-01-03T01:00:00.000Z,7.668935362023599
2013-01-03T01:15:00.000Z,7.336535809152088
2013-01-03T01:30:00.000Z,6.016182983682983
2013-01-03T01:45:00.000Z,6.341241269841271
2013-01-03T02:00:00.000Z,5.227099358974359
2013-01-03T02:15:00.000Z,7.677818957771788
2013-01-03T02:30:00.000Z,8.753672316384181
2013-01-03T02:45:00.000Z,8.607359307359307
2013-01-03T03:00:00.000Z,6.596481481481481
2013-01-03T03:15:00.000Z,6.5065538847117805
2013-01-03T03:30:00.000Z,6.7249462365591395
2013-01-03T03:45:00.000Z,7.595641025641026
2013-01-03T04:00:00.000Z,10.164814814814815
2013-01-03T04:15:00.000Z,9.068333333333333
2013-01-03T04:30:00.000Z,11.038555555555556
2013-01-03T04:45:00.000Z,9.902777777777779
2013-01-03T05:00:00.000Z,7.6277333333333335
2013-01-03T05:15:00.000Z,7.152
2013-01-03T05:30:00.000Z,6.687222222222222
2013-01-03T05:45:00.000Z,6.160645604395605
2013-01-03T06:00:00.000Z,5.72817216117216
2013-01-03T06:15:00.000Z,3.872238186462323
2013-01-03T06:30:00.000Z,3.7003053259871446
2013-01-03T06:45:00.000Z,4.1909784690926735
2013-01-03T07:00:00.000Z,4.052137653804096
2013-01-03T07:15:00.000Z,4.81928677927417
2013-01-03T07:30:00.000Z,4.081018227819313
2013-01-03T07:45:00.000Z,3.6220256835280638
2013-01-03T08:00:00.000Z,4.069205475966312
2013-01-03T08:15:00.000Z,5.793933654723652
2013-01-03T08:30:00.000Z,5.5689226004584595
2013-01-03T08:45:00.000Z,3.899468902326062
2013-01-03T09:00:00.000Z,3.722242465010548
2013-01-03T09:15:00.000Z,3.75114437716869
2013-01-03T09:30:00.000Z,4.049154028535737
2013-01-03T09:45:00.000Z,3.960906196425438
2013-01-03T10:00:00.000Z,4.57419453399501
2013-01-03T10:15:00.000Z,5.381054971137494
2013-01-03T10:30:00.000Z,2.914146090202466
2013-01-03T10:45:00.000Z,3.005673374289263
2013-01-03T11:00:00.000Z,3.966531264566865
2013-01-03T11:15:00.000Z,3.747667944327773
2013-01-03T11:30:00.000Z,4.232424985664899
2013-01-03T11:45:00.000Z,4.788718999926627
2013-01-03T12:00:00.000Z,3.492103689960833
2013-01-03T12:15:00.000Z,6.648212466277682
2013-01-03T12:30:00.000Z,3.8648807335055233
2013-01-03T12:45:00.000Z,3.8442526289263013
2013-01-03T13:00:00.000Z,4.202444645997279
2013-01-03T13:15:00.000Z,4.342805907172995
2013-01-03T13:30:00.000Z,4.245330806800037
2013-01-03T13:45:00.000Z,6.079224449259661
2013-01-03T14:00:00.000Z,4.320944454782151
2013-01-03T14:15:00.000Z,4.71939092522974
2013-01-03T14:30:00.000Z,4.387982720514369
2013-01-03T14:45:00.000Z,4.42821836843712
2013-01-03T15:00:00.000Z,3.953722424655428
2013-01-03T15:15:00.000Z,6.004281218973817
2013-01-03T15:30:00.000Z,6.0970465876715885
2013-01-03T15:45:00.000Z,4.274447887027011
2013-01-03T16:00:00.000Z,3.0308799775919346
2013-01-03T16:15:00.000Z,3.3116629364295123
2013-01-03T16:30:00.000Z,3.72396454280075
2013-01-03T16:45:00.000Z,3.58694847020934
2013-01-03T17:00:00.000Z,6.009556214719259
2013-01-03T17:15:00.000Z,4.923287037037038
2013-01-03T17:30:00.000Z,3.430430128565722
2013-01-03T17:45:00.000Z,4.923129512500188
2013-01-03T18:00:00.000Z,3.4127536104555354
2013-01-03T18:15:00.000Z,3.364411551845833
2013-01-03T18:30:00.000Z,3.574037795360703
2013-01-03T18:45:00.000Z,4.381352135738429
2013-01-03T19:00:00.000Z,2.94824572498429
2013-01-03T19:15:00.000Z,3.9070891272033244
2013-01-03T19:30:00.000Z,3.037399665120982
2013-01-03T19:45:00.000Z,3.5138305572744
2013-01-03T20:00:00.000Z,3.084871995232222
2013-01-03T20:15:00.000Z,4.343126999332963
2013-01-03T20:30:00.000Z,3.3114115798429333
2013-01-03T20:45:00.000Z,3.6958559866771608
2013-01-03T21:00:00.000Z,4.10450211791188
2013-01-03T21:15:00.000Z,4.684869766368951
2013-01-03T21:30:00.000Z,4.629800749216385
2013-01-03T21:45:00.000Z,5.188578300985948
2013-01-03T22:00:00.000Z,3.986104540471844
2013-01-03T22:15:00.000Z,4.351174156957191
2013-01-03T22:30:00.000Z,5.440511762846364
2013-01-03T22:45:00.000Z,4.585103757344331
2013-01-03T23:00:00.000Z,3.820682136453292
2013-01-03T23:15:00.000Z,4.280415110758622
2013-01-03T23:30:00.000Z,3.5626189431026862
2013-01-03T23:45:00.000Z,5.290746316548947
2013-01-04T00:00:00.000Z,5.679233674463938
2013-01-04T00:15:00.000Z,4.76748192348444
2013-01-04T00:30:00.000Z,5.220465506715506
2013-01-04T00:45:00.000Z,4.716333036333037
2013-01-04T01:00:00.000Z,5.105818129124308
2013-01-04T01:15:00.000Z,6.971883325151365
2013-01-04T01:30:00.000Z,5.3131892127480365
2013-01-04T01:45:00.000Z,6.300882936507937
2013-01-04T02:00:00.000Z,7.193424657534247
2013-01-04T02:15:00.000Z,7.656796042617959
2013-01-04T02:30:00.000Z,7.081718750000002
2013-01-04T02:45:00.000Z,7.547579365079365
2013-01-04T03:00:00.000Z,5.41471153846154
2013-01-04T03:15:00.000Z,7.864811656005686
2013-01-04T03:30:00.000Z,8.891869918699188
2013-01-04T03:45:00.000Z,6.646315789473685
2013-01-04T04:00:00.000Z,9.222115384615385
2013-01-04T04:15:00.000Z,9.347817460317462
2013-01-04T04:30:00.000Z,6.373131313131313
2013-01-04T04:45:00.000Z,6.316559139784945
2013-01-04T05:00:00.000Z,6.9479427083333345
2013-01-04T05:15:00.000Z,5.318421052631579
2013-01-04T05:30:00.000Z,8.41952380952381
2013-01-04T05:45:00.000Z,3.9322544642857142
2013-01-04T06:00:00.000Z,5.024281487743027
2013-01-04T06:15:00.000Z,5.067974021592442
2013-01-04T06:30:00.000Z,3.988065476190476
2013-01-04T06:45:00.000Z,6.71637751016492
2013-01-04T07:00:00.000Z,4.5423795798638835
2013-01-04T07:15:00.000Z,8.421026274262397
2013-01-04T07:30:00.000Z,4.39744080401772
2013-01-04T07:45:00.000Z,3.8733691373952883
2013-01-04T08:00:00.000Z,5.607488975015204
2013-01-04T08:15:00.000Z,4.269067729357868
2013-01-04T08:30:00.000Z,3.6739331810893145
2013-01-04T08:45:00.000Z,3.6548543976352588
2013-01-04T09:00:00.000Z,3.8767288219255343
2013-01-04T09:15:00.000Z,2.8331259283703365
2013-01-04T09:30:00.000Z,3.6081790666863376
2013-01-04T09:45:00.000Z,3.9831142299988382
2013-01-04T10:00:00.000Z,3.8053541883334074
2013-01-04T10:15:00.000Z,3.7691505955183735
2013-01-04T10:30:00.000Z,4.36648602846646
2013-01-04T10:45:00.000Z,3.76986864917835
2013-01-04T11:00:00.000Z,4.377858942979997
2013-01-04T11:15:00.000Z,3.332286469808143
2013-01-04T11:30:00.000Z,4.105513623049902
2013-01-04T11:45:00.000Z,3.2972622319709273
2013-01-04T12:00:00.000Z,3.8114723060585742
2013-01-04T12:15:00.000Z,4.292637600683104
2013-01-04T12:30:00.000Z,3.4526709536855646
2013-01-04T12:45:00.000Z,3.4445205702773203
2013-01-04T13:00:00.000Z,4.957989287843938
2013-01-04T13:15:00.000Z,4.636247363747363
2013-01-04T13:30:00.000Z,4.728945425330841
2013-01-04T13:45:00.000Z,4.910380479105167
2013-01-04T14:00:00.000Z,4.111837693707259
2013-01-04T14:15:00.000Z,3.956195717607008
2013-01-04T14:30:00.000Z,4.281958402839196
2013-01-04T14:45:00.000Z,3.967272387742975
2013-01-04T15:00:00.000Z,4.26664536754898
2013-01-04T15:15:00.000Z,5.555705404082598
2013-01-04T15:30:00.000Z,3.0726962637516273
2013-01-04T15:45:00.000Z,3.626286850074729
2013-01-04T16:00:00.000Z,3.0620135356858755
2013-01-04T16:15:00.000Z,2.9946209847715872
2013-01-04T16:30:00.000Z,3.968676262791366
2013-01-04T16:45:00.000Z,3.5905013093322946
2013-01-04T17:00:00.000Z,4.45524918024918
2013-01-04T17:15:00.000Z,3.7919073412925868
2013-01-04T17:30:00.000Z,4.123286143286142
2013-01-04T17:45:00.000Z,3.113193710211357
2013-01-04T18:00:00.000Z,4.018263631304447
2013-01-04T18:15:00.000Z,3.037896616538107
2013-01-04T18:30:00.000Z,3.399366633514777
2013-01-04T18:45:00.000Z,4.591402754884358
2013-01-04T19:00:00.000Z,3.492786933328109
2013-01-04T19:15:00.000Z,5.404759566539827
2013-01-04T19:30:00.000Z,2.9722438699381524
2013-01-04T19:45:00.000Z,3.3982960183425863
2013-01-04T20:00:00.000Z,5.382259470887955
2013-01-04T20:15:00.000Z,4.286790756679697
2013-01-04T20:30:00.000Z,3.8251748980104696
2013-01-04T20:45:00.000Z,3.575559438428656
2013-01-04T21:00:00.000Z,8.364898451858304
2013-01-04T21:15:00.000Z,3.178120980248507
2013-01-04T21:30:00.000Z,4.000105550279483
2013-01-04T21:45:00.000Z,5.861437178172055
2013-01-04T22:00:00.000Z,4.362653602621684
2013-01-04T22:15:00.000Z,5.073978532106011
2013-01-04T22:30:00.000Z,4.123781709577402
2013-01-04T22:45:00.000Z,5.214834025845185
2013-01-04T23:00:00.000Z,5.696059878765666
2013-01-04T23:15:00.000Z,4.736257112123619
2013-01-04T23:30:00.000Z,4.390631416017382
2013-01-04T23:45:00.000Z,6.241174000977152
2013-01-05T00:00:00.000Z,5.026911450597972
2013-01-05T00:15:00.000Z,4.183228809026223
2013-01-05T00:30:00.000Z,5.204779731706201
2013-01-05T00:45:00.000Z,4.503099498238389
2013-01-05T01:00:00.000Z,4.381901305021957
2013-01-05T01:15:00.000Z,3.925684441536556
2013-01-05T01:30:00.000Z,5.075737747019591
2013-01-05T01:45:00.000Z,5.555637422159162
2013-01-05T02:00:00.000Z,4.2282981587301585
2013-01-05T02:15:00.000Z,4.22464614848806
2013-01-05T02:30:00.000Z,4.520260152428419
2013-01-05T02:45:00.000Z,5.160750533490061
2013-01-05T03:00:00.000Z,5.226083862624304
2013-01-05T03:15:00.000Z,6.550594369848607
2013-01-05T03:30:00.000Z,5.314442215279479
2013-01-05T03:45:00.000Z,6.5755810798927135
2013-01-05T04:00:00.000Z,5.486942532032892
2013-01-05T04:15:00.000Z,5.567357245928673
2013-01-05T04:30:00.000Z,7.714096954096953
2013-01-05T04:45:00.000Z,8.246079558260087
2013-01-05T05:00:00.000Z,6.53861802413273
2013-01-05T05:15:00.000Z,6.079716312056737
2013-01-05T05:30:00.000Z,11.180886524822698
2013-01-05T05:45:00.000Z,9.191536281179138
2013-01-05T06:00:00.000Z,7.370720720720722
2013-01-05T06:15:00.000Z,7.654784946236559
2013-01-05T06:30:00.000Z,7.421288515406163
2013-01-05T06:45:00.000Z,8.19495867768595
2013-01-05T07:00:00.000Z,5.568501400560225
2013-01-05T07:15:00.000Z,4.507875
2013-01-05T07:30:00.000Z,6.2575997425997425
2013-01-05T07:45:00.000Z,5.301716976716977
2013-01-05T08:00:00.000Z,4.475940652557319
2013-01-05T08:15:00.000Z,5.4039761904761905
2013-01-05T08:30:00.000Z,6.7168603191680125
2013-01-05T08:45:00.000Z,5.381171057075313
2013-01-05T09:00:00.000Z,4.045949794103202
2013-01-05T09:15:00.000Z,4.267519925250189
2013-01-05T09:30:00.000Z,4.682259711965594
2013-01-05T09:45:00.000Z,3.821734837058367
2013-01-05T10:00:00.000Z,5.598929666388088
2013-01-05T10:15:00.000Z,4.962315380697735
2013-01-05T10:30:00.000Z,4.317289824489071
2013-01-05T10:45:00.000Z,3.7123764934823837
2013-01-05T11:00:00.000Z,3.4190237854792116
2013-01-05T11:15:00.000Z,5.344027620929794
2013-01-05T11:30:00.000Z,3.7987129704520273
2013-01-05T11:45:00.000Z,4.919115102424962
2013-01-05T12:00:00.000Z,4.914904198521514
2013-01-05T12:15:00.000Z,3.8637466440723025
2013-01-05T12:30:00.000Z,3.9465305612744155
2013-01-05T12:45:00.000Z,5.761371238051566
2013-01-05T13:00:00.000Z,4.602973694570562
2013-01-05T13:15:00.000Z,3.7444058078224844
2013-01-05T13:30:00.000Z,3.2955425773886597
2013-01-05T13:45:00.000Z,4.6310728715728695
2013-01-05T14:00:00.000Z,3.7729197740523697
2013-01-05T14:15:00.000Z,7.4827838995666225
2013-01-05T14:30:00.000Z,4.5788647981316775
2013-01-05T14:45:00.000Z,4.518191240132415
2013-01-05T15:00:00.000Z,4.360401055203562
2013-01-05T15:15:00.000Z,4.135027775770338
2013-01-05T15:30:00.000Z,6.155266706631485
2013-01-05T15:45:00.000Z,5.987814885939886
2013-01-05T16:00:00.000Z,4.221890637036314
2013-01-05T16:15:00.000Z,4.528729991219557
2013-01-05T16:30:00.000Z,3.6945442986467207
2013-01-05T16:45:00.000Z,3.9482407852129753
2013-01-05T17:00:00.000Z,6.161725059841387
2013-01-05T17:15:00.000Z,3.657889546827844
2013-01-05T17:30:00.000Z,4.227730754387731
2013-01-05T17:45:00.000Z,6.786049255197906
2013-01-05T18:00:00.000Z,4.8564513433008525
2013-01-05T18:15:00.000Z,5.303985662743195
2013-01-05T18:30:00.000Z,3.4772760551842357
2013-01-05T18:45:00.000Z,4.073131880273605
2013-01-05T19:00:00.000Z,4.276949251108678
2013-01-05T19:15:00.000Z,4.174286557315889
2013-01-05T19:30:00.000Z,4.493146809183326
2013-01-05T19:45:00.000Z,4.142280736991135
2013-01-05T20:00:00.000Z,3.5044062224424146
2013-01-05T20:15:00.000Z,4.247463138529786
2013-01-05T20:30:00.000Z,3.4517819086289445
2013-01-05T20:45:00.000Z,5.5270268935062
2013-01-05T21:00:00.000Z,3.974864226650475
2013-01-05T21:15:00.000Z,4.007774672516767
2013-01-05T21:30:00.000Z,5.073177724102382
2013-01-05T21:45:00.000Z,5.30613908068022
2013-01-05T22:00:00.000Z,7.475062723825885
2013-01-05T22:15:00.000Z,4.3266197330049
2013-01-05T22:30:00.000Z,4.407000033776826
2013-01-05T22:45:00.000Z,3.9400727368810484
2013-01-05T23:00:00.000Z,4.414385412567231
2013-01-05T23:15:00.000Z,22.070833333333333
2013-01-05T23:30:00.000Z,3.618544402112541
2013-01-05T23:45:00.000Z,4.733800812568841
2013-01-06T00:00:00.000Z,2.9577141480166573
2013-01-06T00:15:00.000Z,5.34510861162647
2013-01-06T00:30:00.000Z,3.7697082231473638
2013-01-06T00:45:00.000Z,8.48
2013-01-06T01:00:00.000Z,5.082098765432099
2013-01-06T01:15:00.000Z,5.37285548941799
2013-01-06T01:30:00.000Z,5.629487179487179
2013-01-06T01:45:00.000Z,5.233333333333333
2013-01-06T02:00:00.000Z,9.1
2013-01-06T10:45:00.000Z,3.0
2013-01-06T19:15:00.000Z,4.5
2013-01-06T19:30:00.000Z,4.5
2013-01-06T21:30:00.000Z,6.5
2013-01-07T15:00:00.000Z,7.5
2013-01-08T08:00:00.000Z,2.5
2013-01-13T01:15:00.000Z,9.5
2013-01-13T02:15:00.000Z,3.875
2013-01-13T02:30:00.000Z,4.66990404040404
2013-01-13T02:45:00.000Z,7.3204761904761915
2013-01-13T03:00:00.000Z,5.012964814814816
2013-01-13T03:45:00.000Z,3.9740298100053186
2013-01-13T04:00:00.000Z,7.860416666666665
2013-01-13T04:15:00.000Z,7.273684210526315
2013-01-13T04:30:00.000Z,17.0
2013-01-13T04:45:00.000Z,6.613422222222222
2013-01-13T05:00:00.000Z,5.195698878093916
2013-01-13T05:15:00.000Z,8.742738095238096
2013-01-13T05:30:00.000Z,12.75
2013-01-13T06:00:00.000Z,9.332291666666666
2013-01-13T06:30:00.000Z,13.275
2013-01-13T06:45:00.000Z,5.803571428571429
2013-01-13T07:00:00.000Z,8.196428571428571
2013-01-13T07:15:00.000Z,5.10974358974359
2013-01-13T07:30:00.000Z,6.51327703949797
2013-01-13T07:45:00.000Z,6.292979797979798
2013-01-13T08:00:00.000Z,5.896583333333333
2013-01-13T08:15:00.000Z,5.296357938357938
2013-01-13T08:30:00.000Z,4.950451630209844
2013-01-13T08:45:00.000Z,4.005761644027269
2013-01-13T09:00:00.000Z,6.958333333333333
2013-01-13T09:15:00.000Z,7.0
2013-01-13T09:30:00.000Z,0.7857142857142857
2013-01-13T09:45:00.000Z,4.499707570207571
2013-01-13T10:00:00.000Z,4.7501194761159535
2013-01-13T10:15:00.000Z,4.0727825940894125
2013-01-13T10:30:00.000Z,9.955686274509802
2013-01-13T10:45:00.000Z,7.148328675788497
2013-01-13T11:00:00.000Z,3.86994070077638
2013-01-13T11:15:00.000Z,3.909572686213961
2013-01-13T11:30:00.000Z,4.233749619099325
2013-01-13T11:45:00.000Z,4.951235970528423
2013-01-13T12:00:00.000Z,3.6820798902146445
2013-01-13T12:15:00.000Z,3.8395695529461604
2013-01-13T12:30:00.000Z,4.220194667743353
2013-01-13T12:45:00.000Z,5.625036303344221
2013-01-13T13:00:00.000Z,3.680528401337226
2013-01-13T13:15:00.000Z,5.062675748681128
2013-01-13T13:30:00.000Z,4.332254968763432
2013-01-13T13:45:00.000Z,4.083671528893047
2013-01-13T14:00:00.000Z,4.254007884870003
2013-01-13T14:15:00.000Z,5.026625818714055
2013-01-13T14:30:00.000Z,4.668372167496882
2013-01-13T14:45:00.000Z,3.765799638957534
2013-01-13T15:00:00.000Z,3.618274241961742
2013-01-13T15:15:00.000Z,5.6480573356705435
2013-01-13T15:30:00.000Z,3.9990201902672498
2013-01-13T15:45:00.000Z,4.9873120992763855
2013-01-13T16:15:00.000Z,4.27332702020202
2013-01-13T16:30:00.000Z,6.112003879118983
2013-01-13T16:45:00.000Z,4.61573190552138
2013-01-13T17:00:00.000Z,3.822671920549147
2013-01-13T17:15:00.000Z,4.016902658920731
2013-01-13T17:30:00.000Z,3.851517695787359
2013-01-13T17:45:00.000Z,4.288865971055721
2013-01-13T18:00:00.000Z,3.365194195957952
2013-01-13T18:15:00.000Z,4.132256907946262
2013-01-13T18:30:00.000Z,3.57868599466843
2013-01-13T18:45:00.000Z,6.24461516028105
2013-01-13T19:00:00.000Z,4.030429931087825
2013-01-13T19:15:00.000Z,4.631615819852661
2013-01-13T19:30:00.000Z,4.155315515402473
2013-01-13T19:45:00.000Z,4.925040179727681
2013-01-13T20:00:00.000Z,5.928158347676421
2013-01-13T20:15:00.000Z,4.206416549419425
2013-01-13T20:30:00.000Z,3.8081517328934202
2013-01-13T20:45:00.000Z,5.6514406976243725
2013-01-13T21:00:00.000Z,4.9477421311203615
2013-01-13T21:15:00.000Z,4.556110245002979
2013-01-13T21:30:00.000Z,4.6981151718651715
2013-01-13T21:45:00.000Z,4.478688743229559
2013-01-13T22:00:00.000Z,5.069673509169751
2013-01-13T22:15:00.000Z,4.451731913919414
2013-01-13T22:30:00.000Z,5.2713669448465375
2013-01-13T22:45:00.000Z,3.7700976766857908
2013-01-13T23:00:00.000Z,4.895949463118581
2013-01-13T23:15:00.000Z,5.08417361980253
2013-01-13T23:30:00.000Z,4.241034237893016
2013-01-13T23:45:00.000Z,4.537626518024748
2013-01-14T00:00:00.000Z,4.432125000000001
2013-01-14T00:15:00.000Z,5.645264812195505
2013-01-14T00:30:00.000Z,5.672870895532186
2013-01-14T00:45:00.000Z,4.590447330447331
2013-01-14T01:00:00.000Z,5.525264398049209
2013-01-14T01:15:00.000Z,6.503286425902863
2013-01-14T01:30:00.000Z,5.369166666666667
2013-01-14T01:45:00.000Z,6.597510822510824
2013-01-14T02:00:00.000Z,11.167447916666667
2013-01-14T02:15:00.000Z,5.694742599742599
2013-01-14T02:30:00.000Z,6.8233918128654985
2013-01-14T02:45:00.000Z,8.64948148148148
2013-01-14T03:00:00.000Z,7.478735632183907
2013-01-14T03:15:00.000Z,7.439705882352942
2013-01-14T03:30:00.000Z,7.105320512820513
2013-01-14T03:45:00.000Z,7.769545454545454
2013-01-14T04:00:00.000Z,8.551666666666668
2013-01-14T04:15:00.000Z,10.123550724637681
2013-01-14T04:30:00.000Z,9.932638888888889
2013-01-14T04:45:00.000Z,8.30561403508772
2013-01-14T05:00:00.000Z,6.338661764705883
2013-01-14T05:15:00.000Z,8.49134199134199
2013-01-14T05:30:00.000Z,24.526984126984132
2013-01-14T05:45:00.000Z,6.580074074074074
2013-01-14T06:00:00.000Z,6.5214449598021025
2013-01-14T06:15:00.000Z,5.571756302521009
2013-01-14T06:30:00.000Z,3.5678767146739285
2013-01-14T06:45:00.000Z,3.773318902753757
2013-01-14T07:00:00.000Z,3.243236068090747
2013-01-14T07:15:00.000Z,3.8636899193771614
2013-01-14T07:30:00.000Z,3.3630783127179424
2013-01-14T07:45:00.000Z,3.4482363778887257
2013-01-14T08:00:00.000Z,4.662255277657265
2013-01-14T08:15:00.000Z,5.991973301254701
2013-01-14T08:30:00.000Z,3.4966841593556235
2013-01-14T08:45:00.000Z,3.9755468911251244
2013-01-14T09:00:00.000Z,4.315008451330142
2013-01-14T09:15:00.000Z,4.045296849345382
2013-01-14T09:30:00.000Z,3.884096099633684
2013-01-14T09:45:00.000Z,2.500979791349223
2013-01-14T10:00:00.000Z,4.918387626678955
2013-01-14T10:15:00.000Z,4.572843046545069
2013-01-14T10:30:00.000Z,4.934246129370049
2013-01-14T10:45:00.000Z,3.406418274318776
2013-01-14T11:00:00.000Z,3.806005530598533
2013-01-14T11:15:00.000Z,3.4554634105552253
2013-01-14T11:30:00.000Z,4.574312619919762
2013-01-14T11:45:00.000Z,6.114966839826839
2013-01-14T12:00:00.000Z,3.4871340028414437
2013-01-14T12:15:00.000Z,3.966854530249005
2013-01-14T12:30:00.000Z,5.246573437961846
2013-01-14T12:45:00.000Z,5.098600076084254
2013-01-14T13:00:00.000Z,3.3583797168787775
2013-01-14T13:15:00.000Z,5.712092579465671
2013-01-14T13:30:00.000Z,6.321420669277811
2013-01-14T13:45:00.000Z,4.841383880209967
2013-01-14T14:00:00.000Z,4.0407079355195785
2013-01-14T14:15:00.000Z,5.62776495672896
2013-01-14T14:30:00.000Z,3.931680031680032
2013-01-14T14:45:00.000Z,5.64064086988776
2013-01-14T15:00:00.000Z,4.292715880610618
2013-01-14T15:15:00.000Z,7.12462857289966
2013-01-14T15:30:00.000Z,3.2659081334019047
2013-01-14T15:45:00.000Z,3.2876203831428294
2013-01-14T16:00:00.000Z,3.489767720616331
2013-01-14T16:15:00.000Z,3.4567489802841926
2013-01-14T16:30:00.000Z,3.7598491571026793
2013-01-14T16:45:00.000Z,3.227266062481579
2013-01-14T17:00:00.000Z,3.7608658682114386
2013-01-14T17:15:00.000Z,5.694641521898017
2013-01-14T17:30:00.000Z,3.733099201268216
2013-01-14T17:45:00.000Z,4.188161366610733
2013-01-14T18:00:00.000Z,5.205697246941748
2013-01-14T18:15:00.000Z,3.0789865387880084
2013-01-14T18:30:00.000Z,2.850568819624159
2013-01-14T18:45:00.000Z,4.347969800801088
2013-01-14T19:00:00.000Z,2.947848693914711
2013-01-14T19:15:00.000Z,5.152534605595252
2013-01-14T19:30:00.000Z,2.652704621775013
2013-01-14T19:45:00.000Z,3.1999875327380565
2013-01-14T20:00:00.000Z,3.5544871025177946
2013-01-14T20:15:00.000Z,3.722912097203599
2013-01-14T20:30:00.000Z,3.251558828334632
2013-01-14T20:45:00.000Z,2.6863532465510795
2013-01-14T21:00:00.000Z,5.0074835910223205
2013-01-14T21:15:00.000Z,3.4551453721476943
2013-01-14T21:30:00.000Z,3.7012296570637337
2013-01-14T21:45:00.000Z,4.470424827953706
2013-01-14T22:00:00.000Z,5.369128381811867
2013-01-14T22:15:00.000Z,3.923488021812022
2013-01-14T22:30:00.000Z,3.7574311669396945
2013-01-14T22:45:00.000Z,4.311926114019367
2013-01-14T23:00:00.000Z,5.1251699119289436
2013-01-14T23:15:00.000Z,4.308185533969102
2013-01-14T23:30:00.000Z,4.440833975303598
2013-01-14T23:45:00.000Z,4.4629138561402355
2013-01-15T00:00:00.000Z,5.164775348234532
2013-01-15T00:15:00.000Z,4.844181285381285
2013-01-15T00:30:00.000Z,4.918134491634491
2013-01-15T00:45:00.000Z,5.21096174424826
2013-01-15T01:00:00.000Z,5.456519083288744
2013-01-15T01:15:00.000Z,4.748603745791246
2013-01-15T01:30:00.000Z,6.230683409436833
2013-01-15T01:45:00.000Z,6.4965611814346
2013-01-15T02:00:00.000Z,5.77902073732719
2013-01-15T02:15:00.000Z,5.541399535423926
2013-01-15T02:30:00.000Z,6.690999999999999
2013-01-15T02:45:00.000Z,7.298718253968255
2013-01-15T03:00:00.000Z,7.718809523809522
2013-01-15T03:15:00.000Z,6.470833333333333
2013-01-15T03:30:00.000Z,6.4240476190476175
2013-01-15T03:45:00.000Z,8.213333333333335
2013-01-15T04:00:00.000Z,9.158333333333333
2013-01-15T04:15:00.000Z,9.985185185185184
2013-01-15T04:30:00.000Z,9.324242424242424
2013-01-15T04:45:00.000Z,9.002916666666666
2013-01-15T05:00:00.000Z,9.137962962962964
2013-01-15T05:15:00.000Z,6.53154761904762
2013-01-15T05:30:00.000Z,8.636388888888888
2013-01-15T05:45:00.000Z,7.0052287581699355
2013-01-15T06:00:00.000Z,6.252450981884337
2013-01-15T06:15:00.000Z,16.435974025974023
2013-01-15T06:30:00.000Z,6.314078144078143
2013-01-15T06:45:00.000Z,3.7767916406327653
2013-01-15T07:00:00.000Z,4.956853285173718
2013-01-15T07:15:00.000Z,4.781484842650292
2013-01-15T07:30:00.000Z,3.961536828955314
2013-01-15T07:45:00.000Z,7.372077144173804
2013-01-15T08:00:00.000Z,3.2561415289526265
2013-01-15T08:15:00.000Z,3.2102621780575236
2013-01-15T08:30:00.000Z,4.123095368715899
2013-01-15T08:45:00.000Z,5.446477162982597
2013-01-15T09:00:00.000Z,2.7127061885294603
2013-01-15T09:15:00.000Z,3.7397507528345706
2013-01-15T09:30:00.000Z,3.5291301059888722
2013-01-15T09:45:00.000Z,3.46374242537452
2013-01-15T10:00:00.000Z,2.816571670500427
2013-01-15T10:15:00.000Z,3.4716393915473085
2013-01-15T10:30:00.000Z,4.639399371836482
2013-01-15T10:45:00.000Z,6.193574943150653
2013-01-15T11:00:00.000Z,4.5940400014258405
2013-01-15T11:15:00.000Z,3.5961738865416693
2013-01-15T11:30:00.000Z,5.214566220955321
2013-01-15T11:45:00.000Z,4.731666867083534
2013-01-15T12:00:00.000Z,3.944147843809624
2013-01-15T12:15:00.000Z,3.4442393100997135
2013-01-15T12:30:00.000Z,3.884127886002885
2013-01-15T12:45:00.000Z,3.708958278040368
2013-01-15T13:00:00.000Z,4.433203558931533
2013-01-15T13:15:00.000Z,5.894725861273231
2013-01-15T13:30:00.000Z,4.307714625441899
2013-01-15T13:45:00.000Z,5.42131632491802
2013-01-15T14:00:00.000Z,3.7533306843391467
2013-01-15T14:15:00.000Z,4.524001977189477
2013-01-15T14:30:00.000Z,3.143176788489287
2013-01-15T14:45:00.000Z,5.150177512050426
2013-01-15T15:00:00.000Z,3.4117057483667836
2013-01-15T15:15:00.000Z,4.877443235183621
2013-01-15T15:30:00.000Z,3.4474633914627595
2013-01-15T15:45:00.000Z,4.2019617020046764
2013-01-15T16:00:00.000Z,5.010142636809721
2013-01-15T16:15:00.000Z,4.9304470989629205
2013-01-15T16:30:00.000Z,3.682435473063522
2013-01-15T16:45:00.000Z,5.2768696288338175
2013-01-15T17:00:00.000Z,4.864480535567492
2013-01-15T17:15:00.000Z,5.154965964590966
2013-01-15T17:30:00.000Z,3.883552768170578
2013-01-15T17:45:00.000Z,4.157029990155454
2013-01-15T18:00:00.000Z,8.672331123737374
2013-01-15T18:15:00.000Z,3.517276711265093
2013-01-15T18:30:00.000Z,2.7015064152714756
2013-01-15T18:45:00.000Z,3.7558443305015734
2013-01-15T19:00:00.000Z,3.6462973158538183
2013-01-15T19:15:00.000Z,2.8099399246243677
2013-01-15T19:30:00.000Z,3.1259875911761767
2013-01-15T19:45:00.000Z,3.1460980041611517
2013-01-15T20:00:00.000Z,3.313035197334688
2013-01-15T20:15:00.000Z,3.296896124023494
2013-01-15T20:30:00.000Z,3.348839027338628
2013-01-15T20:45:00.000Z,3.8311674391226256
2013-01-15T21:00:00.000Z,3.515879623388985
2013-01-15T21:15:00.000Z,3.5825362352576087
2013-01-15T21:30:00.000Z,3.0390615348270207
2013-01-15T21:45:00.000Z,4.747980540588622
2013-01-15T22:00:00.000Z,4.734236541555801
2013-01-15T22:15:00.000Z,4.45684412213112
2013-01-15T22:30:00.000Z,3.214608592549686
2013-01-15T22:45:00.000Z,4.643228165989689
2013-01-15T23:00:00.000Z,5.161534412943736
2013-01-15T23:15:00.000Z,5.1536485946308055
2013-01-15T23:30:00.000Z,6.617712226153748
2013-01-15T23:45:00.000Z,3.297542341233245
2013-01-16T00:00:00.000Z,4.170360772264996
2013-01-16T00:15:00.000Z,3.727918141298829
2013-01-16T00:30:00.000Z,5.483445333002189
2013-01-16T00:45:00.000Z,5.1582021758434795
2013-01-16T01:00:00.000Z,6.067135928713032
2013-01-16T01:15:00.000Z,6.7211407685881355
2013-01-16T01:30:00.000Z,6.1161752136752146
2013-01-16T01:45:00.000Z,6.072386759581881
2013-01-16T02:00:00.000Z,8.576176470588237
2013-01-16T02:15:00.000Z,7.8391591320072305
2013-01-16T02:30:00.000Z,6.125857628765792
2013-01-16T02:45:00.000Z,5.633760683760684
2013-01-16T03:00:00.000Z,5.871859903381642
2013-01-16T03:15:00.000Z,5.82925
2013-01-16T03:30:00.000Z,6.720057471264368
2013-01-16T03:45:00.000Z,6.667407407407406
2013-01-16T04:00:00.000Z,8.349479166666667
2013-01-16T04:15:00.000Z,4.8474
2013-01-16T04:30:00.000Z,7.698181818181818
2013-01-16T04:45:00.000Z,7.234621212121212
2013-01-16T05:00:00.000Z,5.978031135531134
2013-01-16T05:15:00.000Z,7.478
2013-01-16T05:30:00.000Z,7.312619047619047
2013-01-16T05:45:00.000Z,7.610034176349966
2013-01-16T06:00:00.000Z,4.51964817683338
2013-01-16T06:15:00.000Z,8.54397256577657
2013-01-16T06:30:00.000Z,5.087021275517444
2013-01-16T06:45:00.000Z,4.662534026861467
2013-01-16T07:00:00.000Z,3.649171615684293
2013-01-16T07:15:00.000Z,2.75841891280704
2013-01-16T07:30:00.000Z,3.6199344706788352
2013-01-16T07:45:00.000Z,8.799961484361154
2013-01-16T08:00:00.000Z,3.649323273106437
2013-01-16T08:15:00.000Z,3.013203399762989
2013-01-16T08:30:00.000Z,4.651001810979076
2013-01-16T08:45:00.000Z,4.139460671650414
2013-01-16T09:00:00.000Z,2.723279434362187
2013-01-16T09:15:00.000Z,3.741147127974702
2013-01-16T09:30:00.000Z,2.953074045906584
2013-01-16T09:45:00.000Z,5.049303382902287
2013-01-16T10:00:00.000Z,3.5467618082214534
2013-01-16T10:15:00.000Z,5.9491500940840165
2013-01-16T10:30:00.000Z,2.5169521201817737
2013-01-16T10:45:00.000Z,3.955544375032351
2013-01-16T11:00:00.000Z,5.330372455916925
2013-01-16T11:15:00.000Z,4.732838275735333
2013-01-16T11:30:00.000Z,3.9539476578390604
2013-01-16T11:45:00.000Z,5.463331041718138
2013-01-16T12:00:00.000Z,4.920470128595127
2013-01-16T12:15:00.000Z,4.035567878785127
2013-01-16T12:30:00.000Z,4.107366645599911
2013-01-16T12:45:00.000Z,3.488503487649618
2013-01-16T13:00:00.000Z,3.9945638848535565
2013-01-16T13:15:00.000Z,3.637414799214169
2013-01-16T13:30:00.000Z,4.961446710689256
2013-01-16T13:45:00.000Z,3.890719181354489
2013-01-16T14:00:00.000Z,4.760229770229771
2013-01-16T14:15:00.000Z,4.316614073426573
2013-01-16T14:30:00.000Z,5.200679391173342
2013-01-16T14:45:00.000Z,3.9040913513707634
2013-01-16T15:00:00.000Z,3.2808519336464825
2013-01-16T15:15:00.000Z,5.794890852609042
2013-01-16T15:30:00.000Z,4.014813002223774
2013-01-16T15:45:00.000Z,3.0918944132575774
2013-01-16T16:00:00.000Z,3.896999392038608
2013-01-16T16:15:00.000Z,3.544798529965684
2013-01-16T16:30:00.000Z,4.02490829814904
2013-01-16T16:45:00.000Z,3.191469561688312
2013-01-16T17:00:00.000Z,4.658808223191524
2013-01-16T17:15:00.000Z,4.885901691686921
2013-01-16T17:30:00.000Z,6.894431420997192
2013-01-16T17:45:00.000Z,3.2762437551378905
2013-01-16T18:00:00.000Z,2.937191924520964
2013-01-16T18:15:00.000Z,3.0848242702588275
2013-01-16T18:30:00.000Z,4.597529388138993
2013-01-16T18:45:00.000Z,3.481540343690098
2013-01-16T19:00:00.000Z,3.2058757856622235
2013-01-16T19:15:00.000Z,3.0910505258670584
2013-01-16T19:30:00.000Z,2.6950827185247865
2013-01-16T19:45:00.000Z,4.173740666550843
2013-01-16T20:00:00.000Z,3.0971352025292336
2013-01-16T20:15:00.000Z,3.9565005434306157
2013-01-16T20:30:00.000Z,4.453212492593186
2013-01-16T20:45:00.000Z,3.467938337355621
2013-01-16T21:00:00.000Z,3.8451977199429463
2013-01-16T21:15:00.000Z,5.222595569657143
2013-01-16T21:30:00.000Z,5.32755947844251
2013-01-16T21:45:00.000Z,5.527580360677362
2013-01-16T22:00:00.000Z,4.112682046207299
2013-01-16T22:15:00.000Z,3.9953445327650496
2013-01-16T22:30:00.000Z,3.4747842933921826
2013-01-16T22:45:00.000Z,4.213736697397787
2013-01-16T23:00:00.000Z,4.766158347664889
2013-01-16T23:15:00.000Z,3.456350860761724
2013-01-16T23:30:00.000Z,4.361001080779286
2013-01-16T23:45:00.000Z,5.181523605028598
2013-01-17T00:00:00.000Z,6.29586479752886
2013-01-17T00:15:00.000Z,5.705134395866102
2013-01-17T00:30:00.000Z,4.463969034686738
2013-01-17T00:45:00.000Z,4.842238672198439
2013-01-17T01:00:00.000Z,5.813726551226552
2013-01-17T01:15:00.000Z,8.340202947845805
2013-01-17T01:30:00.000Z,7.273415012660297
2013-01-17T01:45:00.000Z,8.704634038800709
2013-01-17T02:00:00.000Z,5.89764403292181
2013-01-17T02:15:00.000Z,6.865856481481481
2013-01-17T02:30:00.000Z,7.188369047619048
2013-01-17T03:00:00.000Z,6.976208333333334
2013-01-17T03:15:00.000Z,5.571496598639456
2013-01-17T03:30:00.000Z,9.876126126126128
2013-01-17T03:45:00.000Z,8.564848484848484
2013-01-17T04:00:00.000Z,8.710906593406595
2013-01-17T04:15:00.000Z,10.04078947368421
2013-01-17T04:30:00.000Z,6.677944444444445
2013-01-17T04:45:00.000Z,7.2283333333333335
2013-01-17T05:00:00.000Z,8.927083333333334
2013-01-17T05:15:00.000Z,7.017222222222222
2013-01-17T05:30:00.000Z,9.414613526570049
2013-01-17T05:45:00.000Z,6.257733664185277
2013-01-17T06:00:00.000Z,3.120632058159232
2013-01-17T06:15:00.000Z,5.546746031746031
2013-01-17T06:30:00.000Z,6.589357198117974
2013-01-17T06:45:00.000Z,4.4748556998557
2013-01-17T07:00:00.000Z,6.838272033023347
2013-01-17T07:15:00.000Z,5.7118042566170075
2013-01-17T07:30:00.000Z,3.872590744699414
2013-01-17T07:45:00.000Z,3.2973600964696077
2013-01-17T08:00:00.000Z,9.515628852410114
2013-01-17T08:15:00.000Z,3.2379859351432545
2013-01-17T08:30:00.000Z,3.5239579200330744
2013-01-17T08:45:00.000Z,3.245138888888889
2013-01-17T09:00:00.000Z,3.2972195372026327
2013-01-17T09:15:00.000Z,4.20542793777703
2013-01-17T09:30:00.000Z,2.9481391805296466
2013-01-17T09:45:00.000Z,4.329483829523302
2013-01-17T10:00:00.000Z,4.028772628240831
2013-01-17T10:15:00.000Z,3.0435100626003515
2013-01-17T10:45:00.000Z,6.136788617886179
2013-01-18T00:15:00.000Z,6.25
2013-01-18T07:15:00.000Z,8.4
2013-01-18T07:45:00.000Z,5.535833333333334
2013-01-18T08:00:00.000Z,8.603333333333333
2013-01-18T08:15:00.000Z,7.888333333333334
2013-01-18T08:30:00.000Z,6.5603125
2013-01-18T08:45:00.000Z,10.6
2013-01-18T09:00:00.000Z,10.666666666666666
2013-01-18T09:45:00.000Z,7.0375
2013-01-18T10:00:00.000Z,10.0
2013-01-18T11:30:00.000Z,12.100000000000001
2013-01-18T14:15:00.000Z,8.86
2013-01-13T16:00:00.000Z,7.155160583444052
2013-01-17T02:45:00.000Z,7.831635802469135
2013-01-18T09:15:00.000Z,7.0
2013-01-18T10:15:00.000Z,7.108333333333333
2013-01-18T10:45:00.000Z,7.8100000000000005
2013-01-18T12:00:00.000Z,4.5
2013-01-18T12:45:00.000Z,19.285
2013-01-18T13:15:00.000Z,74.4
2013-01-18T14:00:00.000Z,11.5
2013-01-18T14:30:00.000Z,11.5
2013-01-18T15:00:00.000Z,7.983333333333333
2013-01-18T15:15:00.000Z,12.1
2013-01-18T16:00:00.000Z,4.3
2013-01-18T16:15:00.000Z,8.8
2013-01-18T16:30:00.000Z,8.5
2013-01-18T17:00:00.000Z,8.95
2013-01-18T17:15:00.000Z,10.370000000000001
2013-01-18T17:30:00.000Z,40.36666666666667
2013-01-18T18:00:00.000Z,7.85
2013-01-18T18:30:00.000Z,8.0
2013-01-18T18:45:00.000Z,11.7
2013-01-18T19:15:00.000Z,8.5
2013-01-18T19:30:00.000Z,8.6
2013-01-18T19:45:00.000Z,9.819999999999999
2013-01-18T20:00:00.000Z,4.5
2013-01-18T20:15:00.000Z,11.123333333333335
2013-01-18T20:30:00.000Z,8.36875
2013-01-18T20:45:00.000Z,10.4
2013-01-18T21:00:00.000Z,8.1275
2013-01-18T21:15:00.000Z,6.05
2013-01-18T21:30:00.000Z,8.600000000000001
2013-01-18T21:45:00.000Z,7.956250000000001
2013-01-18T22:00:00.000Z,18.61111111111111
2013-01-18T22:15:00.000Z,9.225000000000001
2013-01-18T22:30:00.000Z,9.5
2013-01-18T22:45:00.000Z,24.2625
2013-01-18T23:00:00.000Z,9.123333333333333
2013-01-18T23:15:00.000Z,7.333333333333333
2013-01-18T23:45:00.000Z,9.443750000000001
2013-01-19T00:00:00.000Z,8.357142857142858
2013-01-19T00:15:00.000Z,11.335
2013-01-19T00:30:00.000Z,8.533333333333333
2013-01-19T00:45:00.000Z,10.75
2013-01-19T01:00:00.000Z,9.10875
2013-01-19T01:15:00.000Z,8.347692307692308
2013-01-19T01:30:00.000Z,43.06666666666666
2013-01-19T01:45:00.000Z,17.4
2013-01-19T02:15:00.000Z,5.0
2013-01-19T02:30:00.000Z,7.1
2013-01-19T02:45:00.000Z,3.2
2013-01-19T03:15:00.000Z,11.6
2013-01-19T03:30:00.000Z,24.8875
2013-01-19T04:30:00.000Z,9.0
2013-01-19T04:45:00.000Z,15.2
2013-01-19T05:30:00.000Z,15.0
2013-01-19T07:30:00.000Z,11.5
2013-01-19T08:15:00.000Z,5.5
2013-01-19T08:45:00.000Z,5.75
2013-01-19T09:30:00.000Z,11.5
2013-01-19T09:45:00.000Z,5.5
2013-01-19T10:15:00.000Z,4.25
2013-01-19T10:30:00.000Z,70.0
2013-01-19T11:30:00.000Z,9.0
2013-01-19T11:45:00.000Z,9.05
2013-01-19T12:00:00.000Z,8.3
2013-01-19T12:15:00.000Z,8.833333333333334
2013-01-19T12:30:00.000Z,7.673333333333333
2013-01-19T12:45:00.000Z,10.3
2013-01-19T13:00:00.000Z,8.5
2013-01-19T13:30:00.000Z,6.0
2013-01-19T13:45:00.000Z,4.566666666666666
2013-01-19T14:00:00.000Z,8.0
2013-01-19T14:15:00.000Z,6.566666666666667
2013-01-19T14:30:00.000Z,16.9
2013-01-19T15:15:00.000Z,4.1
2013-01-19T15:45:00.000Z,6.35
2013-01-19T16:15:00.000Z,9.1
2013-01-19T16:30:00.000Z,8.299999999999999
2013-01-19T16:45:00.000Z,9.1
2013-01-19T17:00:00.000Z,33.95
2013-01-19T17:15:00.000Z,17.43
2013-01-19T17:45:00.000Z,14.5
2013-01-19T18:00:00.000Z,14.81
2013-01-19T18:15:00.000Z,17.0
2013-01-19T18:30:00.000Z,9.1
2013-01-19T18:45:00.000Z,5.0
2013-01-19T19:00:00.000Z,10.75
2013-01-19T19:30:00.000Z,8.277777777777777
2013-01-19T19:45:00.000Z,9.325
2013-01-19T20:15:00.000Z,10.366666666666667
2013-01-19T20:30:00.000Z,7.7775
2013-01-19T20:45:00.000Z,6.4
2013-01-19T21:00:00.000Z,10.4
2013-01-19T21:15:00.000Z,6.625
2013-01-19T21:30:00.000Z,10.7
2013-01-19T21:45:00.000Z,10.8
2013-01-19T22:00:00.000Z,8.35
2013-01-19T22:15:00.000Z,7.6
2013-01-19T22:30:00.000Z,36.25
2013-01-19T22:45:00.000Z,7.733333333333333
2013-01-19T23:00:00.000Z,7.2
2013-01-19T23:15:00.000Z,11.533333333333331
2013-01-19T23:30:00.000Z,8.266666666666667
2013-01-19T23:45:00.000Z,10.4
2013-01-20T00:00:00.000Z,8.7
2013-01-20T00:15:00.000Z,8.0
2013-01-20T00:45:00.000Z,9.573333333333334
2013-01-20T01:00:00.000Z,8.059999999999999
2013-01-20T01:15:00.000Z,9.6
2013-01-20T01:30:00.000Z,8.185714285714287
2013-01-20T01:45:00.000Z,20.875
2013-01-20T02:00:00.000Z,10.316666666666666
2013-01-20T02:15:00.000Z,7.566666666666666
2013-01-20T02:30:00.000Z,9.56
2013-01-20T02:45:00.000Z,5.25
2013-01-20T03:00:00.000Z,14.5
2013-01-20T03:15:00.000Z,9.3
2013-01-20T03:45:00.000Z,8.370000000000001
2013-01-20T04:00:00.000Z,31.72
2013-01-20T04:30:00.000Z,9.8
2013-01-20T09:00:00.000Z,8.0
2013-01-20T09:30:00.000Z,9.135
2013-01-20T09:45:00.000Z,17.05
2013-01-20T10:15:00.000Z,11.6
2013-01-20T10:45:00.000Z,5.5
2013-01-20T11:00:00.000Z,8.5
2013-01-20T11:30:00.000Z,8.4
2013-01-20T12:00:00.000Z,7.0
2013-01-20T12:15:00.000Z,12.1
2013-01-20T12:30:00.000Z,14.5
2013-01-20T12:45:00.000Z,10.5
2013-01-20T13:15:00.000Z,10.0
2013-01-20T13:30:00.000Z,8.87388888888889
2013-01-20T13:45:00.000Z,10.0
2013-01-20T14:00:00.000Z,10.6
2013-01-20T14:30:00.000Z,14.075
2013-01-20T14:45:00.000Z,7.9
2013-01-20T15:15:00.000Z,9.5
2013-01-20T15:30:00.000Z,22.75
2013-01-20T15:45:00.000Z,7.05
2013-01-20T16:00:00.000Z,7.05
2013-01-20T17:00:00.000Z,7.371428571428572
2013-01-20T17:15:00.000Z,8.25
2013-01-20T17:30:00.000Z,5.25
2013-01-20T17:45:00.000Z,34.730000000000004
2013-01-20T18:00:00.000Z,10.9
2013-01-20T18:15:00.000Z,11.5
2013-01-20T18:30:00.000Z,8.2
2013-01-20T18:45:00.000Z,11.1
2013-01-20T19:15:00.000Z,10.044
2013-01-20T19:30:00.000Z,9.3
2013-01-20T19:45:00.000Z,9.18
2013-01-20T20:00:00.000Z,11.0
2013-01-20T20:15:00.000Z,9.75
2013-01-20T20:30:00.000Z,24.96666666666667
2013-01-20T20:45:00.000Z,6.1
2013-01-20T21:00:00.000Z,12.8
2013-01-20T21:15:00.000Z,8.680000000000001
2013-01-20T21:30:00.000Z,11.625
2013-01-20T21:45:00.000Z,7.0
2013-01-20T22:00:00.000Z,23.275000000000002
2013-01-20T22:15:00.000Z,6.29
2013-01-20T22:30:00.000Z,10.55
2013-01-20T22:45:00.000Z,8.75
2013-01-20T23:00:00.000Z,19.183333333333334
2013-01-20T23:15:00.000Z,13.0
2013-01-20T23:30:00.000Z,9.059999999999999
2013-01-21T00:00:00.000Z,11.379999999999999
